,@_fa,load-date,link,dc:identifier,prism:url,dc:title,dc:creator,prism:publicationName,prism:volume,prism:coverDate,prism:startingPage,prism:endingPage,prism:doi,openaccess,pii,authors
0,true,2021-04-14T00:00:00.000Z,"[{'@_fa': 'true', '@ref': 'self', '@href': 'https://api.elsevier.com/content/article/pii/S2405896320316293'}, {'@_fa': 'true', '@ref': 'scidir', '@href': 'https://www.sciencedirect.com/science/article/pii/S2405896320316293?dgcid=api_sd_search-api-endpoint'}]",DOI:10.1016/j.ifacol.2020.12.1230,https://api.elsevier.com/content/article/pii/S2405896320316293,Smart Lifetime Neighbourhoods: Literature Review and Research Agenda,Valerija Rogelj,IFAC-PapersOnLine,53,2020-12-31,16902,16907,10.1016/j.ifacol.2020.12.1230,False,S2405896320316293,"{'author': [{'$': 'Valerija Rogelj'}, {'$': 'David Bogataj'}]}"
1,true,2019-12-31T00:00:00.000Z,"[{'@_fa': 'true', '@ref': 'self', '@href': 'https://api.elsevier.com/content/article/pii/S2405896319323997'}, {'@_fa': 'true', '@ref': 'scidir', '@href': 'https://www.sciencedirect.com/science/article/pii/S2405896319323997?dgcid=api_sd_search-api-endpoint'}]",DOI:10.1016/j.ifacol.2019.12.490,https://api.elsevier.com/content/article/pii/S2405896319323997,The role of smart city applications in the development of IDP areas in war countries,Y. Saied,IFAC-PapersOnLine,52,2019-12-31,246,251,10.1016/j.ifacol.2019.12.490,False,S2405896319323997,"{'author': [{'$': 'Y. Saied'}, {'$': 'I. Rodionovskaya'}, {'$': 'R. Husen'}]}"
2,true,2021-04-14T00:00:00.000Z,"[{'@_fa': 'true', '@ref': 'self', '@href': 'https://api.elsevier.com/content/article/pii/S2405896320304031'}, {'@_fa': 'true', '@ref': 'scidir', '@href': 'https://www.sciencedirect.com/science/article/pii/S2405896320304031?dgcid=api_sd_search-api-endpoint'}]",DOI:10.1016/j.ifacol.2020.12.145,https://api.elsevier.com/content/article/pii/S2405896320304031,An optimization methodology for self-consumption of residential photovoltaic energy,Loris Amabile,IFAC-PapersOnLine,53,2020-12-31,13196,13203,10.1016/j.ifacol.2020.12.145,False,S2405896320304031,"{'author': [{'$': 'Loris Amabile'}, {'$': 'Delphine Bresch-Pietri'}, {'$': 'Nicolas Petit'}]}"
3,true,2021-01-09T00:00:00.000Z,"[{'@_fa': 'true', '@ref': 'self', '@href': 'https://api.elsevier.com/content/article/pii/S0301421521000057'}, {'@_fa': 'true', '@ref': 'scidir', '@href': 'https://www.sciencedirect.com/science/article/pii/S0301421521000057?dgcid=api_sd_search-api-endpoint'}]",DOI:10.1016/j.enpol.2021.112136,https://api.elsevier.com/content/article/pii/S0301421521000057,Household energy efficiency interventions: A systematic literature review,Ryan McAndrew,Energy Policy,150,2021-03-31,112136,,10.1016/j.enpol.2021.112136,False,S0301421521000057,"{'author': [{'$': 'Ryan McAndrew'}, {'$': 'Rory Mulcahy'}, {'$': 'Rebekah Russell-Bennett'}]}"
4,true,2020-08-18T00:00:00.000Z,"[{'@_fa': 'true', '@ref': 'self', '@href': 'https://api.elsevier.com/content/article/pii/S2212827120308532'}, {'@_fa': 'true', '@ref': 'scidir', '@href': 'https://www.sciencedirect.com/science/article/pii/S2212827120308532?dgcid=api_sd_search-api-endpoint'}]",DOI:10.1016/j.procir.2020.03.107,https://api.elsevier.com/content/article/pii/S2212827120308532,Real Time Internet of Things (IoT) Based Water Quality Management System,Saif Allah H. AlMetwally,Procedia CIRP,91,2020-12-31,478,485,10.1016/j.procir.2020.03.107,True,S2212827120308532,"{'author': [{'$': 'Saif Allah H. AlMetwally'}, {'$': 'Mohamed K. Hassan'}, {'$': 'Mohamed H. Mourad'}]}"
5,true,2018-11-05T00:00:00.000Z,"[{'@_fa': 'true', '@ref': 'self', '@href': 'https://api.elsevier.com/content/article/pii/S1876610218307677'}, {'@_fa': 'true', '@ref': 'scidir', '@href': 'https://www.sciencedirect.com/science/article/pii/S1876610218307677?dgcid=api_sd_search-api-endpoint'}]",DOI:10.1016/j.egypro.2018.09.222,https://api.elsevier.com/content/article/pii/S1876610218307677,Influence of the Electric vehicle battery size and EV penetration rate on the potential capacity of Vehicle-to-grid,Yiling Liu,Energy Procedia,152,2018-10-31,630,635,10.1016/j.egypro.2018.09.222,True,S1876610218307677,"{'author': [{'$': 'Yiling Liu'}, {'$': 'Haiyang Lin'}, {'$': 'Ronald Wennersten'}]}"
6,true,2020-04-16T00:00:00.000Z,"[{'@_fa': 'true', '@ref': 'self', '@href': 'https://api.elsevier.com/content/article/pii/S1877050920309078'}, {'@_fa': 'true', '@ref': 'scidir', '@href': 'https://www.sciencedirect.com/science/article/pii/S1877050920309078?dgcid=api_sd_search-api-endpoint'}]",DOI:10.1016/j.procs.2020.03.440,https://api.elsevier.com/content/article/pii/S1877050920309078,IoT and Machine Learning Approaches for Automation of Farm Irrigation System,Anneketh Vij,Procedia Computer Science,167,2020-12-31,1250,1257,10.1016/j.procs.2020.03.440,True,S1877050920309078,"{'author': [{'$': 'Anneketh Vij'}, {'$': 'Singh Vijendra'}, {'$': 'Aarushi Sharma'}]}"
7,true,2020-08-21T00:00:00.000Z,"[{'@_fa': 'true', '@ref': 'self', '@href': 'https://api.elsevier.com/content/article/pii/S187551002030398X'}, {'@_fa': 'true', '@ref': 'scidir', '@href': 'https://www.sciencedirect.com/science/article/pii/S187551002030398X?dgcid=api_sd_search-api-endpoint'}]",DOI:10.1016/j.jngse.2020.103544,https://api.elsevier.com/content/article/pii/S187551002030398X,Superhydrophobic coatings for steel pipeline protection in oil and gas industries: A comprehensive review,Ahmed Olanrewaju Ijaola,Journal of Natural Gas Science and Engineering,83,2020-11-30,103544,,10.1016/j.jngse.2020.103544,False,S187551002030398X,"{'author': [{'$': 'Ahmed Olanrewaju Ijaola'}, {'$': 'Peter Kayode Farayibi'}, {'$': 'Eylem Asmatulu'}]}"
8,true,2018-12-22T00:00:00.000Z,"[{'@_fa': 'true', '@ref': 'self', '@href': 'https://api.elsevier.com/content/article/pii/S0959652618338605'}, {'@_fa': 'true', '@ref': 'scidir', '@href': 'https://www.sciencedirect.com/science/article/pii/S0959652618338605?dgcid=api_sd_search-api-endpoint'}]",DOI:10.1016/j.jclepro.2018.12.150,https://api.elsevier.com/content/article/pii/S0959652618338605,The discourse of eco-innovation in the European Union: An analysis of the Eco-Innovation Action Plan and Horizon 2020,Laura Antonella Colombo,Journal of Cleaner Production,214,2019-03-20,653,665,10.1016/j.jclepro.2018.12.150,False,S0959652618338605,"{'author': [{'$': 'Laura Antonella Colombo'}, {'$': 'Mario Pansera'}, {'$': 'Richard Owen'}]}"
9,true,2016-11-01T00:00:00.000Z,"[{'@_fa': 'true', '@ref': 'self', '@href': 'https://api.elsevier.com/content/article/pii/S2405896316319784'}, {'@_fa': 'true', '@ref': 'scidir', '@href': 'https://www.sciencedirect.com/science/article/pii/S2405896316319784?dgcid=api_sd_search-api-endpoint'}]",DOI:10.1016/j.ifacol.2016.10.391,https://api.elsevier.com/content/article/pii/S2405896316319784,Deception-based Sensor Scheduling for Remote Estimation under DoS Attacks,Kemi Ding,IFAC-PapersOnLine,49,2016-12-31,169,174,10.1016/j.ifacol.2016.10.391,False,S2405896316319784,"{'author': [{'$': 'Kemi Ding'}, {'$': 'Xiaoqiang Ren'}, {'$': 'Ling Shi'}]}"
10,true,2013-01-29T00:00:00.000Z,"[{'@_fa': 'true', '@ref': 'self', '@href': 'https://api.elsevier.com/content/article/pii/S1877042812057321'}, {'@_fa': 'true', '@ref': 'scidir', '@href': 'https://www.sciencedirect.com/science/article/pii/S1877042812057321?dgcid=api_sd_search-api-endpoint'}]",DOI:10.1016/j.sbspro.2012.12.249,https://api.elsevier.com/content/article/pii/S1877042812057321,Assessing Housing Interior Sustainability in a New Egyptian City,Aleya Abdel-Hadi,Procedia - Social and Behavioral Sciences,68,2012-12-19,564,577,10.1016/j.sbspro.2012.12.249,True,S1877042812057321,"{'author': [{'$': 'Aleya Abdel-Hadi'}, {'$': 'Iman Aboulgheit'}]}"
11,true,2021-05-13T00:00:00.000Z,"[{'@_fa': 'true', '@ref': 'self', '@href': 'https://api.elsevier.com/content/article/pii/S2590332221002335'}, {'@_fa': 'true', '@ref': 'scidir', '@href': 'https://www.sciencedirect.com/science/article/pii/S2590332221002335?dgcid=api_sd_search-api-endpoint'}]",DOI:10.1016/j.oneear.2021.04.014,https://api.elsevier.com/content/article/pii/S2590332221002335,Rhetoric and frame analysis of ExxonMobil's climate change communications,Geoffrey Supran,One Earth,4,2021-05-21,696,719,10.1016/j.oneear.2021.04.014,True,S2590332221002335,"{'author': [{'$': 'Geoffrey Supran'}, {'$': 'Naomi Oreskes'}]}"
12,true,2021-05-26T00:00:00.000Z,"[{'@_fa': 'true', '@ref': 'self', '@href': 'https://api.elsevier.com/content/article/pii/S2405896321002779'}, {'@_fa': 'true', '@ref': 'scidir', '@href': 'https://www.sciencedirect.com/science/article/pii/S2405896321002779?dgcid=api_sd_search-api-endpoint'}]",DOI:10.1016/j.ifacol.2021.04.144,https://api.elsevier.com/content/article/pii/S2405896321002779,Collaborative Optimization of Cyber Physical Social Systems for Urban Transportation Based on Knowledge Automation,Gang Xiong,IFAC-PapersOnLine,53,2020-12-31,572,577,10.1016/j.ifacol.2021.04.144,False,S2405896321002779,"{'author': [{'$': 'Gang Xiong'}, {'$': 'Xiaoyu Chen'}, {'$': 'Peijun Ye'}]}"
13,true,2016-05-24T00:00:00.000Z,"[{'@_fa': 'true', '@ref': 'self', '@href': 'https://api.elsevier.com/content/article/pii/S095965261630556X'}, {'@_fa': 'true', '@ref': 'scidir', '@href': 'https://www.sciencedirect.com/science/article/pii/S095965261630556X?dgcid=api_sd_search-api-endpoint'}]",DOI:10.1016/j.jclepro.2016.05.092,https://api.elsevier.com/content/article/pii/S095965261630556X,Sustainable user innovation from a policy perspective: a systematic literature review,Kristian Roed Nielsen,Journal of Cleaner Production,133,2016-10-01,65,77,10.1016/j.jclepro.2016.05.092,False,S095965261630556X,"{'author': [{'$': 'Kristian Roed Nielsen'}, {'$': 'Lucia A. Reisch'}, {'$': 'John Thøgersen'}]}"
14,true,2006-10-30T00:00:00.000Z,"[{'@_fa': 'true', '@ref': 'self', '@href': 'https://api.elsevier.com/content/article/pii/S002463010600063X'}, {'@_fa': 'true', '@ref': 'scidir', '@href': 'https://www.sciencedirect.com/science/article/pii/S002463010600063X?dgcid=api_sd_search-api-endpoint'}]",DOI:10.1016/j.lrp.2006.07.008,https://api.elsevier.com/content/article/pii/S002463010600063X,Review briefs: October 2006,,Long Range Planning,39,2006-10-31,570,576,10.1016/j.lrp.2006.07.008,False,S002463010600063X,
15,true,2021-02-09T00:00:00.000Z,"[{'@_fa': 'true', '@ref': 'self', '@href': 'https://api.elsevier.com/content/article/pii/S0048733321000123'}, {'@_fa': 'true', '@ref': 'scidir', '@href': 'https://www.sciencedirect.com/science/article/pii/S0048733321000123?dgcid=api_sd_search-api-endpoint'}]",DOI:10.1016/j.respol.2021.104208,https://api.elsevier.com/content/article/pii/S0048733321000123,Design and environmental technologies: Does ‘green-matching’ actually help?,Claudia Ghisetti,Research Policy,50,2021-06-30,104208,,10.1016/j.respol.2021.104208,False,S0048733321000123,"{'author': [{'$': 'Claudia Ghisetti'}, {'$': 'Sandro Montresor'}, {'$': 'Antonio Vezzani'}]}"
16,true,2015-02-25T00:00:00.000Z,"[{'@_fa': 'true', '@ref': 'self', '@href': 'https://api.elsevier.com/content/article/pii/S0959652615001511'}, {'@_fa': 'true', '@ref': 'scidir', '@href': 'https://www.sciencedirect.com/science/article/pii/S0959652615001511?dgcid=api_sd_search-api-endpoint'}]",DOI:10.1016/j.jclepro.2015.02.038,https://api.elsevier.com/content/article/pii/S0959652615001511,"Key drivers for unsustainable resource use – categories, effects and policy pointers",Martin Hirschnitz-Garbers,Journal of Cleaner Production,132,2016-09-20,13,31,10.1016/j.jclepro.2015.02.038,False,S0959652615001511,"{'author': [{'$': 'Martin Hirschnitz-Garbers'}, {'$': 'Adrian R. Tan'}, {'$': 'Tanja Srebotnjak'}]}"
17,true,2002-10-30T00:00:00.000Z,"[{'@_fa': 'true', '@ref': 'self', '@href': 'https://api.elsevier.com/content/article/pii/S109095169790016X'}, {'@_fa': 'true', '@ref': 'scidir', '@href': 'https://www.sciencedirect.com/science/article/pii/S109095169790016X?dgcid=api_sd_search-api-endpoint'}]",DOI:10.1016/S1090-9516(97)90016-X,https://api.elsevier.com/content/article/pii/S109095169790016X,Increasing returns: Competing for customers in the global market,Sandra Vandermerwe,Journal of World Business,32,1998-02-28,333,350,10.1016/S1090-9516(97)90016-X,False,S109095169790016X,{'author': 'Sandra Vandermerwe'}
18,true,2008-06-12T00:00:00.000Z,"[{'@_fa': 'true', '@ref': 'self', '@href': 'https://api.elsevier.com/content/article/pii/S0026057607805459'}, {'@_fa': 'true', '@ref': 'scidir', '@href': 'https://www.sciencedirect.com/science/article/pii/S0026057607805459?dgcid=api_sd_search-api-endpoint'}]",DOI:10.1016/S0026-0576(07)80545-9,https://api.elsevier.com/content/article/pii/S0026057607805459,Nickel electroplating bath using malic acid as a substitute agent for boric acid,Fumitaka Saito,Metal Finishing,105,2007-12-31,34,60,10.1016/S0026-0576(07)80545-9,False,S0026057607805459,"{'author': [{'$': 'Fumitaka Saito'}, {'$': 'Keisuke Kishimoto'}, {'$': 'Yuichi Sato'}]}"
19,true,2007-12-31T00:00:00.000Z,"[{'@_fa': 'true', '@ref': 'self', '@href': 'https://api.elsevier.com/content/article/pii/S0026057607803345'}, {'@_fa': 'true', '@ref': 'scidir', '@href': 'https://www.sciencedirect.com/science/article/pii/S0026057607803345?dgcid=api_sd_search-api-endpoint'}]",DOI:10.1016/S0026-0576(07)80334-5,https://api.elsevier.com/content/article/pii/S0026057607803345,Nickel electroplating bath using malic acid as a substitute agent for boric acid,Fumitaka Saito,Metal Finishing,105,2007-12-31,192,204,10.1016/S0026-0576(07)80334-5,False,S0026057607803345,"{'author': [{'$': 'Fumitaka Saito'}, {'$': 'Keisuke Kishimoto'}, {'$': 'Yuichi Sato'}]}"
20,true,2002-04-13T00:00:00.000Z,"[{'@_fa': 'true', '@ref': 'self', '@href': 'https://api.elsevier.com/content/article/pii/0016328789900414'}, {'@_fa': 'true', '@ref': 'scidir', '@href': 'https://www.sciencedirect.com/science/article/pii/0016328789900414?dgcid=api_sd_search-api-endpoint'}]",DOI:10.1016/0016-3287(89)90041-4,https://api.elsevier.com/content/article/pii/0016328789900414,Mutual development: Towards new criteria and indicators,Hazel Henderson,Futures,21,1989-12-31,571,584,10.1016/0016-3287(89)90041-4,False,0016328789900414,{'author': 'Hazel Henderson'}
21,true,2017-06-01T00:00:00.000Z,"[{'@_fa': 'true', '@ref': 'self', '@href': 'https://api.elsevier.com/content/article/pii/S0140670117300188'}, {'@_fa': 'true', '@ref': 'scidir', '@href': 'https://www.sciencedirect.com/science/article/pii/S0140670117300188?dgcid=api_sd_search-api-endpoint'}]",DOI:10.1016/j.fueleneab.2017.05.002,https://api.elsevier.com/content/article/pii/S0140670117300188,Abstracts,,Fuel and Energy Abstracts,58,2017-07-31,294,392,10.1016/j.fueleneab.2017.05.002,False,S0140670117300188,
22,true,2020-12-24T00:00:00.000Z,"[{'@_fa': 'true', '@ref': 'self', '@href': 'https://api.elsevier.com/content/article/pii/S0140670120300424'}, {'@_fa': 'true', '@ref': 'scidir', '@href': 'https://www.sciencedirect.com/science/article/pii/S0140670120300424?dgcid=api_sd_search-api-endpoint'}]",DOI:10.1016/j.fueleneab.2020.12.002,https://api.elsevier.com/content/article/pii/S0140670120300424,Abstracts,,Fuel and Energy Abstracts,62,2021-01-31,2,101,10.1016/j.fueleneab.2020.12.002,False,S0140670120300424,
23,true,2018-04-10T00:00:00.000Z,"[{'@_fa': 'true', '@ref': 'self', '@href': 'https://api.elsevier.com/content/article/pii/S0140670118300109'}, {'@_fa': 'true', '@ref': 'scidir', '@href': 'https://www.sciencedirect.com/science/article/pii/S0140670118300109?dgcid=api_sd_search-api-endpoint'}]",DOI:10.1016/j.fueleneab.2018.03.002,https://api.elsevier.com/content/article/pii/S0140670118300109,Abstracts,,Fuel and Energy Abstracts,59,2018-05-31,220,296,10.1016/j.fueleneab.2018.03.002,False,S0140670118300109,
24,true,2021-04-14T00:00:00.000Z,"[{'@_fa': 'true', '@ref': 'self', '@href': 'https://api.elsevier.com/content/article/pii/S0140670121000102'}, {'@_fa': 'true', '@ref': 'scidir', '@href': 'https://www.sciencedirect.com/science/article/pii/S0140670121000102?dgcid=api_sd_search-api-endpoint'}]",DOI:10.1016/j.fueleneab.2021.03.002,https://api.elsevier.com/content/article/pii/S0140670121000102,Abstracts,,Fuel and Energy Abstracts,62,2021-05-31,230,329,10.1016/j.fueleneab.2021.03.002,False,S0140670121000102,
0,true,2016-10-27T00:00:00.000Z,"[{'@_fa': 'true', '@ref': 'self', '@href': 'https://api.elsevier.com/content/article/pii/S0140670116300285'}, {'@_fa': 'true', '@ref': 'scidir', '@href': 'https://www.sciencedirect.com/science/article/pii/S0140670116300285?dgcid=api_sd_search-api-endpoint'}]",DOI:10.1016/j.fueleneab.2016.10.002,https://api.elsevier.com/content/article/pii/S0140670116300285,Abstracts,,Fuel and Energy Abstracts,57,2016-11-30,488,551,10.1016/j.fueleneab.2016.10.002,False,S0140670116300285,
1,true,2017-11-06T00:00:00.000Z,"[{'@_fa': 'true', '@ref': 'self', '@href': 'https://api.elsevier.com/content/article/pii/S014067011730036X'}, {'@_fa': 'true', '@ref': 'scidir', '@href': 'https://www.sciencedirect.com/science/article/pii/S014067011730036X?dgcid=api_sd_search-api-endpoint'}]",DOI:10.1016/j.fueleneab.2017.10.002,https://api.elsevier.com/content/article/pii/S014067011730036X,Abstracts,,Fuel and Energy Abstracts,58,2017-11-30,520,594,10.1016/j.fueleneab.2017.10.002,False,S014067011730036X,
2,true,2000-03-27T00:00:00.000Z,"[{'@_fa': 'true', '@ref': 'self', '@href': 'https://api.elsevier.com/content/article/pii/S1359612800870251'}, {'@_fa': 'true', '@ref': 'scidir', '@href': 'https://www.sciencedirect.com/science/article/pii/S1359612800870251?dgcid=api_sd_search-api-endpoint'}]",DOI:10.1016/S1359-6128(00)87025-1,https://api.elsevier.com/content/article/pii/S1359612800870251,David Brown accepts US$326 million textron bid,,Pump Industry Analyst,1998,1998-10-31,1,16,10.1016/S1359-6128(00)87025-1,False,S1359612800870251,
3,true,2017-12-13T00:00:00.000Z,"[{'@_fa': 'true', '@ref': 'self', '@href': 'https://api.elsevier.com/content/article/pii/S0140670117300449'}, {'@_fa': 'true', '@ref': 'scidir', '@href': 'https://www.sciencedirect.com/science/article/pii/S0140670117300449?dgcid=api_sd_search-api-endpoint'}]",DOI:10.1016/j.fueleneab.2017.12.002,https://api.elsevier.com/content/article/pii/S0140670117300449,Abstracts,,Fuel and Energy Abstracts,59,2018-01-31,2,100,10.1016/j.fueleneab.2017.12.002,False,S0140670117300449,
4,true,2018-06-27T00:00:00.000Z,"[{'@_fa': 'true', '@ref': 'self', '@href': 'https://api.elsevier.com/content/article/pii/S0140670118300183'}, {'@_fa': 'true', '@ref': 'scidir', '@href': 'https://www.sciencedirect.com/science/article/pii/S0140670118300183?dgcid=api_sd_search-api-endpoint'}]",DOI:10.1016/j.fueleneab.2018.06.002,https://api.elsevier.com/content/article/pii/S0140670118300183,Abstracts,,Fuel and Energy Abstracts,59,2018-07-31,312,409,10.1016/j.fueleneab.2018.06.002,False,S0140670118300183,
5,true,2013-10-16T00:00:00.000Z,"[{'@_fa': 'true', '@ref': 'self', '@href': 'https://api.elsevier.com/content/article/pii/S0140670113000374'}, {'@_fa': 'true', '@ref': 'scidir', '@href': 'https://www.sciencedirect.com/science/article/pii/S0140670113000374?dgcid=api_sd_search-api-endpoint'}]",DOI:10.1016/j.fueleneab.2013.09.002,https://api.elsevier.com/content/article/pii/S0140670113000374,Abstracts,,Fuel and Energy Abstracts,54,2013-11-30,526,622,10.1016/j.fueleneab.2013.09.002,False,S0140670113000374,
6,true,2002-07-03T00:00:00.000Z,"[{'@_fa': 'true', '@ref': 'self', '@href': 'https://api.elsevier.com/content/article/pii/1041608094900116'}, {'@_fa': 'true', '@ref': 'scidir', '@href': 'https://www.sciencedirect.com/science/article/pii/1041608094900116?dgcid=api_sd_search-api-endpoint'}]",DOI:10.1016/1041-6080(94)90011-6,https://api.elsevier.com/content/article/pii/1041608094900116,"Conceptions of listening, learning processes, and epistemologies held by American, Irish, and Australian university students",Teresa M. Mcdevitt,Learning and Individual Differences,6,1994-12-31,231,256,10.1016/1041-6080(94)90011-6,False,1041608094900116,"{'author': [{'$': 'Teresa M. Mcdevitt'}, {'$': 'Eugene P. Sheehan'}, {'$': 'Lain Walker'}]}"
7,true,2007-08-08T00:00:00.000Z,"[{'@_fa': 'true', '@ref': 'self', '@href': 'https://api.elsevier.com/content/article/pii/S0026057607801486'}, {'@_fa': 'true', '@ref': 'scidir', '@href': 'https://www.sciencedirect.com/science/article/pii/S0026057607801486?dgcid=api_sd_search-api-endpoint'}]",DOI:10.1016/S0026-0576(07)80148-6,https://api.elsevier.com/content/article/pii/S0026057607801486,Corrosion-resistant and protective properties of amorphous nickel-phosphorous coatings,Iliya Gadzhov,Metal Finishing,105,2007-06-30,33,70,10.1016/S0026-0576(07)80148-6,False,S0026057607801486,"{'author': [{'$': 'Iliya Gadzhov'}, {'$': 'Rossitsa Mantcheva'}, {'$': 'Kostadin Kanchev'}]}"
8,true,2018-09-01T00:00:00.000Z,"[{'@_fa': 'true', '@ref': 'self', '@href': 'https://api.elsevier.com/content/article/pii/S0140670118300286'}, {'@_fa': 'true', '@ref': 'scidir', '@href': 'https://www.sciencedirect.com/science/article/pii/S0140670118300286?dgcid=api_sd_search-api-endpoint'}]",DOI:10.1016/j.fueleneab.2018.08.002,https://api.elsevier.com/content/article/pii/S0140670118300286,Abstracts,,Fuel and Energy Abstracts,59,2018-09-30,426,519,10.1016/j.fueleneab.2018.08.002,False,S0140670118300286,
9,true,2013-05-30T00:00:00.000Z,"[{'@_fa': 'true', '@ref': 'self', '@href': 'https://api.elsevier.com/content/article/pii/S0140670113000192'}, {'@_fa': 'true', '@ref': 'scidir', '@href': 'https://www.sciencedirect.com/science/article/pii/S0140670113000192?dgcid=api_sd_search-api-endpoint'}]",DOI:10.1016/j.fueleneab.2013.05.002,https://api.elsevier.com/content/article/pii/S0140670113000192,Abstracts,,Fuel and Energy Abstracts,54,2013-07-31,322,418,10.1016/j.fueleneab.2013.05.002,False,S0140670113000192,
10,true,2016-06-16T00:00:00.000Z,"[{'@_fa': 'true', '@ref': 'self', '@href': 'https://api.elsevier.com/content/article/pii/S0140670116300121'}, {'@_fa': 'true', '@ref': 'scidir', '@href': 'https://www.sciencedirect.com/science/article/pii/S0140670116300121?dgcid=api_sd_search-api-endpoint'}]",DOI:10.1016/j.fueleneab.2016.06.002,https://api.elsevier.com/content/article/pii/S0140670116300121,Abstracts,,Fuel and Energy Abstracts,57,2016-07-31,320,389,10.1016/j.fueleneab.2016.06.002,False,S0140670116300121,
11,true,2016-04-22T00:00:00.000Z,"[{'@_fa': 'true', '@ref': 'self', '@href': 'https://api.elsevier.com/content/article/pii/S0140670116300029'}, {'@_fa': 'true', '@ref': 'scidir', '@href': 'https://www.sciencedirect.com/science/article/pii/S0140670116300029?dgcid=api_sd_search-api-endpoint'}]",DOI:10.1016/j.fueleneab.2016.04.002,https://api.elsevier.com/content/article/pii/S0140670116300029,Abstracts,,Fuel and Energy Abstracts,57,2016-05-31,210,302,10.1016/j.fueleneab.2016.04.002,False,S0140670116300029,
12,true,2014-01-30T00:00:00.000Z,"[{'@_fa': 'true', '@ref': 'self', '@href': 'https://api.elsevier.com/content/article/pii/S0140670114000034'}, {'@_fa': 'true', '@ref': 'scidir', '@href': 'https://www.sciencedirect.com/science/article/pii/S0140670114000034?dgcid=api_sd_search-api-endpoint'}]",DOI:10.1016/j.fueleneab.2014.01.002,https://api.elsevier.com/content/article/pii/S0140670114000034,Abstracts,,Fuel and Energy Abstracts,55,2014-03-31,114,210,10.1016/j.fueleneab.2014.01.002,False,S0140670114000034,
13,true,2009-11-16T00:00:00.000Z,"[{'@_fa': 'true', '@ref': 'self', '@href': 'https://api.elsevier.com/content/article/pii/B9780750656887500041'}, {'@_fa': 'true', '@ref': 'scidir', '@href': 'https://www.sciencedirect.com/science/article/pii/B9780750656887500041?dgcid=api_sd_search-api-endpoint'}]",DOI:10.1016/B978-0-7506-5688-7.50004-1,https://api.elsevier.com/content/article/pii/B9780750656887500041,Chapter 2: Leaders and managers,David J. Cooper,Leadership for Follower Commitment,,2003-12-31,16,66,10.1016/B978-0-7506-5688-7.50004-1,False,B9780750656887500041,{'author': 'David J. Cooper'}
14,true,2012-08-22T00:00:00.000Z,"[{'@_fa': 'true', '@ref': 'self', '@href': 'https://api.elsevier.com/content/article/pii/S0140670112000355'}, {'@_fa': 'true', '@ref': 'scidir', '@href': 'https://www.sciencedirect.com/science/article/pii/S0140670112000355?dgcid=api_sd_search-api-endpoint'}]",DOI:10.1016/j.fueleneab.2012.08.002,https://api.elsevier.com/content/article/pii/S0140670112000355,Abstracts,,Fuel and Energy Abstracts,53,2012-09-30,370,460,10.1016/j.fueleneab.2012.08.002,False,S0140670112000355,
15,true,2011-04-30T00:00:00.000Z,"[{'@_fa': 'true', '@ref': 'self', '@href': 'https://api.elsevier.com/content/article/pii/S0254629911000160'}, {'@_fa': 'true', '@ref': 'scidir', '@href': 'https://www.sciencedirect.com/science/article/pii/S0254629911000160?dgcid=api_sd_search-api-endpoint'}]",DOI:10.1016/j.sajb.2011.03.003,https://api.elsevier.com/content/article/pii/S0254629911000160,South African Association of Botanists – Annual Meeting 2011,J. Van Staden,South African Journal of Botany,77,2011-04-30,510,580,10.1016/j.sajb.2011.03.003,True,S0254629911000160,{'author': 'J. Van Staden'}
16,true,2007-12-03T00:00:00.000Z,"[{'@_fa': 'true', '@ref': 'self', '@href': 'https://api.elsevier.com/content/article/pii/S0140670107000483'}, {'@_fa': 'true', '@ref': 'scidir', '@href': 'https://www.sciencedirect.com/science/article/pii/S0140670107000483?dgcid=api_sd_search-api-endpoint'}]",DOI:10.1016/j.fueleneab.2007.11.002,https://api.elsevier.com/content/article/pii/S0140670107000483,Abstracts,,Fuel and Energy Abstracts,49,2008-01-31,2,56,10.1016/j.fueleneab.2007.11.002,False,S0140670107000483,
17,true,2011-07-02T00:00:00.000Z,"[{'@_fa': 'true', '@ref': 'self', '@href': 'https://api.elsevier.com/content/article/pii/S0031940611000708'}, {'@_fa': 'true', '@ref': 'scidir', '@href': 'https://www.sciencedirect.com/science/article/pii/S0031940611000708?dgcid=api_sd_search-api-endpoint'}]",DOI:10.1016/j.physio.2011.04.003,https://api.elsevier.com/content/article/pii/S0031940611000708,Special Interest Report Abstracts,,Physiotherapy,97,2011-06-30,es1416,es1638,10.1016/j.physio.2011.04.003,False,S0031940611000708,
18,true,2000-12-21T00:00:00.000Z,"[{'@_fa': 'true', '@ref': 'self', '@href': 'https://api.elsevier.com/content/article/pii/S1093326300001194'}, {'@_fa': 'true', '@ref': 'scidir', '@href': 'https://www.sciencedirect.com/science/article/pii/S1093326300001194?dgcid=api_sd_search-api-endpoint'}]",DOI:10.1016/S1093-3263(00)00119-4,https://api.elsevier.com/content/article/pii/S1093326300001194,News,,Journal of Molecular Graphics and Modelling,18,2000-12-31,605,652,10.1016/S1093-3263(00)00119-4,False,S1093326300001194,
19,true,2011-07-02T00:00:00.000Z,"[{'@_fa': 'true', '@ref': 'self', '@href': 'https://api.elsevier.com/content/article/pii/S0031940611000691'}, {'@_fa': 'true', '@ref': 'scidir', '@href': 'https://www.sciencedirect.com/science/article/pii/S0031940611000691?dgcid=api_sd_search-api-endpoint'}]",DOI:10.1016/j.physio.2011.04.002,https://api.elsevier.com/content/article/pii/S0031940611000691,Research Report Abstracts,,Physiotherapy,97,2011-06-30,es18,es1415,10.1016/j.physio.2011.04.002,False,S0031940611000691,
20,true,2017-06-20T00:00:00.000Z,"[{'@_fa': 'true', '@ref': 'self', '@href': 'https://api.elsevier.com/content/article/pii/S1474667017530487'}, {'@_fa': 'true', '@ref': 'scidir', '@href': 'https://www.sciencedirect.com/science/article/pii/S1474667017530487?dgcid=api_sd_search-api-endpoint'}]",DOI:10.1016/S1474-6670(17)53048-7,https://api.elsevier.com/content/article/pii/S1474667017530487,A Hierarchical Analysis Model for Multiobjective Decisionmaking,Zhong-Jun Zhang,IFAC Proceedings Volumes,22,1989-09-30,13,18,10.1016/S1474-6670(17)53048-7,False,S1474667017530487,"{'author': [{'$': 'Zhong-Jun Zhang'}, {'$': 'Jian-Bo Yang'}, {'$': 'Dong-Ling Xu'}]}"
21,true,2004-10-29T00:00:00.000Z,"[{'@_fa': 'true', '@ref': 'self', '@href': 'https://api.elsevier.com/content/article/pii/S1091255X04003385'}, {'@_fa': 'true', '@ref': 'scidir', '@href': 'https://www.sciencedirect.com/science/article/pii/S1091255X04003385?dgcid=api_sd_search-api-endpoint'}]",DOI:10.1016/j.gassur.2004.09.010,https://api.elsevier.com/content/article/pii/S1091255X04003385,Free papers (posters)-pt.1,,Journal of Gastrointestinal Surgery,8,2004-11-30,a175,a244,10.1016/j.gassur.2004.09.010,False,S1091255X04003385,
22,true,2019-09-07T00:00:00.000Z,"[{'@_fa': 'true', '@ref': 'self', '@href': 'https://api.elsevier.com/content/article/pii/S0378427419302486'}, {'@_fa': 'true', '@ref': 'scidir', '@href': 'https://www.sciencedirect.com/science/article/pii/S0378427419302486?dgcid=api_sd_search-api-endpoint'}]",DOI:10.1016/j.toxlet.2019.09.002,https://api.elsevier.com/content/article/pii/S0378427419302486,Abstracts of the 55th Congress of the European Societies of Toxicology (EUROTOX 2019) TOXICOLOGY SCIENCE PROVIDING SOLUTIONS,,Toxicology Letters,314,2019-10-15,s1,s309,10.1016/j.toxlet.2019.09.002,False,S0378427419302486,
23,true,2009-02-17T00:00:00.000Z,"[{'@_fa': 'true', '@ref': 'self', '@href': 'https://api.elsevier.com/content/article/pii/B9780123739445090155'}, {'@_fa': 'true', '@ref': 'scidir', '@href': 'https://www.sciencedirect.com/science/article/pii/B9780123739445090155?dgcid=api_sd_search-api-endpoint'}]",DOI:10.1016/B978-012373944-5.09015-5,https://api.elsevier.com/content/article/pii/B9780123739445090155,Subject Index,,Encyclopedia of Microbiology,,2009-12-31,569,743,10.1016/B978-012373944-5.09015-5,False,B9780123739445090155,
24,true,2009-10-01T00:00:00.000Z,"[{'@_fa': 'true', '@ref': 'self', '@href': 'https://api.elsevier.com/content/article/pii/S0928098709002747'}, {'@_fa': 'true', '@ref': 'scidir', '@href': 'https://www.sciencedirect.com/science/article/pii/S0928098709002747?dgcid=api_sd_search-api-endpoint'}]",DOI:10.1016/j.ejps.2009.09.015,https://api.elsevier.com/content/article/pii/S0928098709002747,3rd BBBB-Bosphorus International Conference on Pharmaceutical Sciences,,European Journal of Pharmaceutical Sciences,38,2009-10-26,s1,s220,10.1016/j.ejps.2009.09.015,False,S0928098709002747,
